"","Organization","degree2","degree2N","eigen2","betw2","close2","N","Type1","Type2"
"1","A.A. Scottish Rite",63,0.139380530973451,0.412168522720354,158.405557244157,0.00113122171945701,2,"Association",NA
"2","A.A.O.N.",63,0.139380530973451,0.412168522720354,158.405557244157,0.00113122171945701,2,"Association",NA
"3","Advisory Council on diplomatic affairs",16,0.0353982300884956,0.058681519472488,2.18077787921986,0.00105042016806723,1,"Administration",NA
"4","Afifi Temple",63,0.139380530973451,0.412168522720354,158.405557244157,0.00113122171945701,2,"Association",NA
"5","Allied Architects",13,0.0287610619469027,0.0335600863512484,4.05793042306088,0.000972762645914397,1,"Business",NA
"6","American Association for the Advancement of Science",12,0.0265486725663717,0.023900476342885,0.34262751767289,0.000931966449207828,1,"Association",NA
"7","American Bar Association",53,0.117256637168142,0.326315309772323,12.2892010320133,0.00115207373271889,1,"Association",NA
"8","American College of Life Underwriters",6,0.0132743362831858,0.0203668550387009,9.73565663503678,0.000885739592559787,1,"Education",NA
"9","American College of Surgeons",42,0.0929203539823009,0.12445035431986,7.07165407094283,0.00104602510460251,1,"Education",NA
"10","American Government",11,0.0243362831858407,0.0153910166379945,0,0.000848176420695505,1,"Goverment","Foreign"
"11","American Medical Association",42,0.0929203539823009,0.12445035431986,7.07165407094283,0.00104602510460251,1,"Association",NA
"12","American Orthopedic Association",42,0.0929203539823009,0.12445035431986,7.07165407094283,0.00104602510460251,1,"Association",NA
"13","American Physical Society",12,0.0265486725663717,0.023900476342885,0.34262751767289,0.000931966449207828,1,"Association",NA
"14","American Returned Students Association",78,0.172566371681416,0.472313339370195,448.091330500976,0.00114810562571757,3,"Association",NA
"15","American Society of Civil Engineers",6,0.0132743362831858,0.0137292274667961,0,0.000858369098712446,1,"Association",NA
"16","American University Club (Shanghai)",131,0.289823008849558,0.747937696236169,2221.18251848853,0.00121654501216545,7,"Association",NA
"17","American University Club of North China",42,0.0929203539823009,0.124450354319861,7.07165407094283,0.00104602510460251,1,"Association",NA
"18","Amity Lodge No. 106",99,0.219026548672566,0.527202370164964,1048.33654818405,0.00122549019607843,3,"Association",NA
"19","Amoy Provincial Middle School",18,0.0398230088495575,0.0349016023353014,0.877599864178717,0.000959692898272553,1,"Education",NA
"20","Andersen Meyer & Company",10,0.0221238938053097,0.021720061757925,9.73565663503678,0.000888888888888889,1,"Business",NA
"21","Anglo-Chinese College (Foochow)",14,0.0309734513274336,0.0611957529987979,2.43490122565246,0.000975609756097561,1,"Education",NA
"22","Anti-Civil War League of China",11,0.0243362831858407,0.0512064260475629,1.99506648285089,0.000987166831194472,1,"Association",NA
"23","Association of Foreign Press Correspondents",11,0.0243362831858407,0.0153910166379945,0,0.000848176420695505,1,"Association",NA
"24","Bakerite Company",14,0.0309734513274336,0.0611957529987978,2.43490122565246,0.000975609756097561,1,"Business",NA
"25","Baldwin-Wallace College",23,0.0508849557522124,0.0538469241589135,0.418173405495452,0.000974658869395711,1,"Education",NA
"26","Baltimore Sun",30,0.0663716814159292,0.105309081180505,2.31688994354758,0.00105596620908131,1,"Media",NA
"27","Bank of China",21,0.0464601769911504,0.137364278689299,39.1015576501879,0.00108695652173913,3,"Business","Bank"
"28","Bank of Communications",5,0.0110619469026549,0.0203431805114915,0.607561865219546,0.000896860986547085,1,"Business","Bank"
"29","Beaux Arts Institute",27,0.0597345132743363,0.0437369829151674,0.948121539724155,0.000946969696969697,1,"Education",NA
"30","Board of Liquidation of the Chinese-American Bank of Commerce",12,0.0265486725663717,0.0484095630740752,2.45315763374992,0.00099009900990099,1,"Administration",NA
"31","Boylston Medical Society",42,0.0929203539823009,0.124450354319861,7.07165407094283,0.00104602510460251,1,"Association",NA
"32","British Expeditionary Forces",9,0.0199115044247788,0.0440481533728168,1.30967925020161,0.00103412616339193,1,"Other",NA
"33","British Foreign Bible Society",20,0.0442477876106195,0.0902775701278531,4.82165666392732,0.00103734439834025,1,"Association",NA
"34","British-American Tobacco Co China Ltd",20,0.0442477876106195,0.0902775701278531,4.82165666392732,0.00103734439834025,1,"Business",NA
"35","Bureau of Economic Information",23,0.0508849557522124,0.0538469241589135,0.418173405495452,0.000974658869395711,1,"Administration",NA
"36","Bureau of Industrial and Commercial Information",16,0.0353982300884956,0.0586815194724881,2.18077787921986,0.00105042016806723,1,"Administration",NA
"37","Bureau of Inspection and Testing of Commercial Commodities",23,0.0508849557522124,0.0658101145308835,169.454149511363,0.00103092783505155,2,"Administration","Central"
"38","Bureau of International Telegraphs",8,0.0176991150442478,0.0277048291868034,0.728705096406469,0.000932835820895522,1,"Administration",NA
"39","Butterfield and Swire",10,0.0221238938053097,0.021720061757925,9.73565663503678,0.000888888888888889,1,"Business",NA
"40","Cambridge University",30,0.0663716814159292,0.105309081180505,2.31688994354758,0.00105596620908131,1,"Education",NA
"41","Canton College of Foreign Languages",17,0.0376106194690266,0.0561101315717906,1.27486442780643,0.0010183299389002,1,"Education",NA
"42","Canton Municipal Government",24,0.0530973451327434,0.111221987063361,39.2302053082501,0.000969932104752667,2,"Goverment","Local"
"43","Canton National Committee Building",27,0.0597345132743363,0.0437369829151674,0.948121539724155,0.000946969696969697,1,"Administration",NA
"44","Canton Provincial College",17,0.0376106194690266,0.0561101315717906,1.27486442780643,0.0010183299389002,1,"Education",NA
"45","Canton Times",19,0.0420353982300885,0.0715610383373807,7.18327907262793,0.00100502512562814,1,"Media",NA
"46","Canton-Hankow Railway",23,0.0508849557522124,0.0670084608555575,207.799593950613,0.00110497237569061,2,"Facility","Railway"
"47","Cantonese Baptist Church",27,0.0597345132743363,0.0437369829151674,0.948121539724155,0.000946969696969697,1,"Other",NA
"48","Cantonese Guild",43,0.0951327433628319,0.0862178565823884,769.580968314682,0.00110741971207087,2,"Association",NA
"49","Cantonese Union Church",53,0.117256637168142,0.326315309772323,12.2892010320133,0.00115207373271889,1,"Other",NA
"50","Capital Planning Commission",12,0.0265486725663717,0.0283354496273668,2.31098438347255,0.000914076782449726,1,"Administration",NA
"51","Capital Theatre",27,0.0597345132743363,0.0437369829151675,0.948121539724155,0.000946969696969697,1,"Facility",NA
"52","Carnegie Endowment for International Peace",19,0.0420353982300885,0.0678233507514374,3.77886866114436,0.00101626016260163,1,"Other",NA
"53","Carnegie Institute of Technology",13,0.0287610619469027,0.0282664319523149,0.662376774412378,0.000922509225092251,1,"Education",NA
"54","Carney Hospital",42,0.0929203539823009,0.12445035431986,7.07165407094283,0.00104602510460251,1,"Facility","Hospital"
"55","Central Bank of China",91,0.201327433628319,0.431313123698127,1058.18991046507,0.00115207373271889,6,"Goverment","Central"
"56","Central Hospital",8,0.0176991150442478,0.0354211944307007,3.60017180687479,0.000943396226415094,1,"Facility","Hospital"
"57","Central Mint",10,0.0221238938053097,0.021720061757925,9.73565663503678,0.000888888888888889,1,"Facility",NA
"58","Ch. F. Durang",18,0.0398230088495575,0.0456023520461063,2.28314861003793,0.00099403578528827,1,"Business",NA
"59","Changchow General Hospital",27,0.0597345132743363,0.0437369829151674,0.948121539724155,0.000946969696969697,1,"Facility",NA
"60","Cheater Manufacturing Co",10,0.0221238938053097,0.021720061757925,9.73565663503678,0.000888888888888889,1,"Business",NA
"61","Cheeloo University",40,0.0884955752212389,0.164202844478951,241.178494829302,0.00114810562571757,2,"Education",NA
"62","Chekiang Provincial Government",23,0.0508849557522124,0.0978885900089405,111.220978799623,0.00104275286757039,3,"Goverment","Local"
"63","Chekiang Provincial Middle School No. 4",6,0.0132743362831858,0.0182464067752461,0.154011154011154,0.000892857142857143,1,"Education",NA
"64","Chi-Nan University",41,0.0907079646017699,0.210618737189678,263.273145846591,0.00102564102564103,3,"Education",NA
"65","Chicago World's Fair",16,0.0353982300884956,0.0586815194724881,2.18077787921986,0.00105042016806723,1,"Other",NA
"66","Chien Tang River Bridge",13,0.0287610619469027,0.0282664319523149,0.662376774412378,0.000922509225092251,1,"Facility",NA
"67","Children's Hospital (Boston)",42,0.0929203539823009,0.12445035431986,7.07165407094283,0.00104602510460251,1,"Facility",NA
"68","China Administration of Sequestered German and Austrian Vessels",53,0.117256637168142,0.326315309772323,12.2892010320133,0.00115207373271889,1,"Administration",NA
"69","China Assurance Corporation",7,0.0154867256637168,0.0237639721445888,10.1302818513118,0.000917431192660551,1,"Business",NA
"70","China Bureau of Public Information",53,0.117256637168142,0.326315309772323,12.2892010320133,0.00115207373271889,1,"Administration",NA
"71","China Christian Educational Association",17,0.0376106194690266,0.0561101315717906,1.27486442780643,0.0010183299389002,1,"Association",NA
"72","China Christian Literature Council",23,0.0508849557522124,0.0538469241589135,0.418173405495452,0.000974658869395711,1,"Association",NA
"73","China Commercial Advertising Agency",14,0.0309734513274336,0.0611957529987979,2.43490122565246,0.000975609756097561,1,"Business",NA
"74","China Development Finance Corp",12,0.0265486725663717,0.0484095630740752,2.45315763374992,0.00099009900990099,1,"Business",NA
"75","China Institute of International Relations",11,0.0243362831858407,0.0512064260475629,1.99506648285089,0.000987166831194472,1,"Association",NA
"76","China Institute of Scientific Management",20,0.0442477876106195,0.0902775701278531,4.82165666392732,0.00103734439834025,1,"Association",NA
"77","China Medical Association",42,0.0929203539823009,0.12445035431986,7.07165407094283,0.00104602510460251,1,"Association",NA
"78","China Medical Missionary Association",42,0.0929203539823009,0.124450354319861,7.07165407094283,0.00104602510460251,1,"Association",NA
"79","China National University",27,0.0597345132743363,0.121845944543603,9.51742345385855,0.00111856823266219,1,"Education",NA
"80","China Press",41,0.0907079646017699,0.11895595825114,941.221330741916,0.00107411385606874,2,"Media",NA
"81","China Publicity Company",14,0.0309734513274336,0.0611957529987978,2.43490122565246,0.000975609756097561,1,"Business",NA
"82","China Republican",16,0.0353982300884956,0.0586815194724881,2.18077787921986,0.00105042016806723,1,"Media",NA
"83","China Review",11,0.0243362831858407,0.0153910166379945,0,0.000848176420695505,1,"Media",NA
"84","China Society (London)",20,0.0442477876106195,0.0902775701278531,4.82165666392732,0.00103734439834025,1,"Association",NA
"85","China Society of America Inc",53,0.117256637168142,0.326315309772323,12.2892010320133,0.00115207373271889,1,"Association",NA
"86","China Trade Bureau",11,0.0243362831858407,0.0153910166379945,0,0.000848176420695505,1,"Administration",NA
"87","China United Assurance Society",6,0.0132743362831858,0.0203668550387009,9.73565663503678,0.000885739592559787,1,"Business",NA
"88","China's Young Men",53,0.117256637168142,0.326315309772323,12.2892010320133,0.00115207373271889,1,"Media",NA
"89","Chinese Baptist Mission School",16,0.0353982300884956,0.0437450051768067,3.87676981987781,0.000983284169124877,1,"Education",NA
"90","Chinese Chamber of Commerce (Shanghai)",12,0.0265486725663717,0.023900476342885,0.34262751767289,0.000931966449207828,1,"Association",NA
"91","Chinese Christian Advocate",23,0.0508849557522124,0.0538469241589135,0.418173405495452,0.000974658869395711,1,"Media",NA
"92","Chinese Cotton Mill Owners Association",12,0.0265486725663717,0.023900476342885,0.34262751767289,0.000931966449207828,1,"Association",NA
"93","Chinese Exhibitors' Association",16,0.0353982300884956,0.058681519472488,2.18077787921986,0.00105042016806723,1,"Association",NA
"94","Chinese Government Radio Station",8,0.0176991150442478,0.0277048291868034,0.728705096406469,0.000932835820895522,1,"Facility",NA
"95","Chinese Infectious Diseases Hospital",42,0.0929203539823009,0.124450354319861,7.07165407094283,0.00104602510460251,1,"Facility",NA
"96","Chinese Institute of Engineers",6,0.0132743362831858,0.0263564561198954,2.77153006690858,0.000949667616334283,1,"Other",NA
"97","Chinese Medical Association",54,0.119469026548673,0.213220554597903,131.28631449747,0.00103734439834025,2,"Association",NA
"98","Chinese Mission to Lepers",24,0.0530973451327434,0.0830594551372601,198.436165382928,0.00108459869848156,2,"Association",NA
"99","Chinese Ratepayers' Association",26,0.0575221238938053,0.0710388784050702,75.1130792925308,0.000955109837631328,2,"Association",NA
"100","Chinese Recorder",82,0.18141592920354,0.436532060006644,749.332246572338,0.00109649122807018,3,"Media",NA
"101","Chinese Red Cross Hospital",7,0.0154867256637168,0.0281671463990458,5.6283293163335,0.000911577028258888,1,"Facility",NA
"102","Chinese Students' Alliance",26,0.0575221238938053,0.123093686573772,87.9364619671835,0.00103412616339193,2,"Association",NA
"103","Chinese Students' Club (Yale)",20,0.0442477876106195,0.0902775701278531,4.82165666392732,0.00103734439834025,1,"Association",NA
"104","Chinese Students' Conference in America",11,0.0243362831858407,0.0327248874323026,1.51578940005555,0.000915750915750916,1,"Association",NA
"105","Chinese Students' Monthly",78,0.172566371681416,0.436517280955118,693.759528432333,0.00117647058823529,3,"Media",NA
"106","Chungshan National Memorial Park",18,0.0398230088495575,0.0456023520461063,2.28314861003793,0.00099403578528827,1,"Facility",NA
"107","Church of Christ in China",17,0.0376106194690266,0.0561101315717906,1.27486442780643,0.0010183299389002,1,"Other",NA
"108","Columbia Alumni Association of China",53,0.117256637168142,0.326315309772323,12.2892010320133,0.00115207373271889,1,"Association",NA
"109","Columbia University",169,0.373893805309735,0.828262479494592,6264.76170697716,0.00126742712294043,13,"Education",NA
"110","Commercial Press",48,0.106194690265487,0.176194292235943,1065.57236841451,0.00115473441108545,4,"Business",NA
"111","Commission on Appellate Cases",30,0.0663716814159292,0.105309081180505,2.31688994354758,0.00105596620908131,1,"Administration",NA
"112","Commission on the Codification of Immigration Legislation",30,0.0663716814159292,0.105309081180505,2.31688994354758,0.00105596620908131,1,"Administration",NA
"113","Commission on the Consolidation of Domestic and International Loans",52,0.115044247787611,0.199818973945818,147.026866150313,0.00111358574610245,2,"Administration","Central"
"114","Commission on the Qualifications of Chartered Accountants",30,0.0663716814159292,0.105309081180505,2.31688994354758,0.00105596620908131,1,"Administration",NA
"115","Commission on the Retrocession of Chingwantao",30,0.0663716814159292,0.105309081180505,2.31688994354758,0.00105596620908131,1,"Administration",NA
"116","Commission on the Revision of Commercial Treaties",30,0.0663716814159292,0.105309081180505,2.31688994354758,0.00105596620908131,1,"Administration",NA
"117","Commissioner of Foreign Affairs (Shanghai)",53,0.117256637168142,0.326315309772323,12.2892010320133,0.00115207373271889,1,"Administration",NA
"118","Committee for drafting a permanent Constitution for China",19,0.0420353982300885,0.0678233507514374,3.77886866114436,0.00101626016260163,1,"Administration",NA
"119","Community Church (Shanghai)",53,0.117256637168142,0.326315309772323,12.2892010320133,0.00115207373271889,1,"Other",NA
"120","Comparative Law School of China",122,0.269911504424779,0.577181196605369,2843.18715092669,0.00122249388753056,7,"Education",NA
"121","Construction Commission",14,0.0309734513274336,0.0420443660365638,2.31793285211786,0.000946969696969697,1,"Administration",NA
"122","Cook Academy",13,0.0287610619469027,0.0428745501299747,1.6154855642018,0.000945179584120983,1,"Education",NA
"123","Cornell University",29,0.0641592920353982,0.0824523662315901,314.240928655593,0.00102880658436214,3,"Education",NA
"124","Cosmopolitan Club",14,0.0309734513274336,0.0695706338622568,4.96303891167516,0.00100200400801603,1,"Association",NA
"125","Cotton Industry Commission",13,0.0287610619469027,0.0428745501299747,1.6154855642018,0.000945179584120983,1,"Administration",NA
"126","Customs College",8,0.0176991150442478,0.0277048291868034,0.728705096406469,0.000932835820895522,1,"Education",NA
"127","Customs Tariff Conference",27,0.0597345132743363,0.121845944543603,9.51742345385855,0.00111856823266219,1,"Other",NA
"128","Day & Klauder",18,0.0398230088495575,0.0456023520461063,2.28314861003793,0.00099403578528827,1,NA,NA
"129","Delta Upsilon",14,0.0309734513274336,0.0611957529987978,2.43490122565246,0.000975609756097561,1,"Association",NA
"130","Detroit Tribune",30,0.0663716814159292,0.105309081180505,2.31688994354758,0.00105596620908131,1,NA,NA
"131","Dewitt Clinton High School",27,0.0597345132743363,0.0437369829151674,0.948121539724155,0.000946969696969697,1,"Education",NA
"132","E. Suensen and Co",6,0.0132743362831858,0.0263564561198954,2.77153006690858,0.000949667616334283,1,NA,NA
"133","Eastern Theatre",18,0.0398230088495575,0.0456023520461063,2.28314861003793,0.00099403578528827,1,NA,NA
"134","Edison General Electric Company",8,0.0176991150442478,0.0354211944307007,3.60017180687479,0.000943396226415094,1,NA,NA
"135","Examination Yuan",19,0.0420353982300885,0.0715610383373807,7.18327907262793,0.00100502512562814,1,"Goverment",NA
"136","Executive Yuan",74,0.163716814159292,0.341946493533838,754.210898398505,0.00118343195266272,4,"Goverment","Central"
"137","Extraordinary Parliament (Canton)",27,0.0597345132743363,0.121845944543603,9.51742345385855,0.00111856823266219,1,"Goverment",NA
"138","Far Eastern American Bar Association",53,0.117256637168142,0.326315309772323,12.2892010320133,0.00115207373271889,1,"Association",NA
"139","Farm Labor Administration (Illinois)",11,0.0243362831858407,0.0153910166379945,0,0.000848176420695505,1,NA,NA
"140","Flip Flap Fraternity",15,0.0331858407079646,0.055327859905722,5.8447897447036,0.00099601593625498,1,"Association",NA
"141","Fu Yang Middle School",20,0.0442477876106195,0.0902775701278531,4.82165666392732,0.00103734439834025,1,"Education",NA
"142","Fudan University",30,0.0663716814159292,0.118237003207118,136.369422134065,0.001085776330076,2,"Education",NA
"143","Fukien Consolidated Tax Bureau",15,0.0331858407079646,0.055327859905722,5.8447897447036,0.00099601593625498,1,"Administration",NA
"144","Fukien Rolled Tobacco Tax Bureau",15,0.0331858407079646,0.055327859905722,5.8447897447036,0.00099601593625498,1,"Administration",NA
"145","General Theological Seminary",12,0.0265486725663717,0.0691707458354911,3.42931428400801,0.00104712041884817,1,"Education",NA
"146","Generalissimo Revolutionary Army",14,0.0309734513274336,0.0420443660365637,2.31793285211786,0.000946969696969697,1,"Goverment",NA
"147","George Washington University",11,0.0243362831858407,0.0327248874323026,1.51578940005555,0.000915750915750916,1,"Education",NA
"148","Ginling Lodge",42,0.0929203539823009,0.124450354319861,7.07165407094283,0.00104602510460251,1,"Association",NA
"149","Goettingen University",14,0.0309734513274336,0.0695706338622568,4.96303891167516,0.00100200400801603,1,"Education",NA
"150","Great China University",21,0.0464601769911504,0.0981765189695101,54.7387966176985,0.0010351966873706,2,"Education",NA
"151","Han-Yeh-Ping Coal and Iron Works",12,0.0265486725663717,0.0826776446617787,9.5936828423601,0.00110497237569061,1,NA,NA
"152","Hangchow-Ningpo Railway",18,0.0398230088495575,0.0349016023353015,0.877599864178717,0.000959692898272553,1,NA,NA
"153","Hankow Municipal Government",6,0.0132743362831858,0.0137292274667961,0,0.000858369098712446,1,"Goverment",NA
"154","Harvard Club of North China",42,0.0929203539823009,0.12445035431986,7.07165407094283,0.00104602510460251,1,NA,NA
"155","Harvard Medical School of China",46,0.101769911504425,0.15756137420298,64.8455218207611,0.000957854406130268,2,"Education",NA
"156","Harvard University",147,0.325221238938053,0.565972545547146,5557.01116993482,0.00126903553299492,11,"Education",NA
"157","Ho Hong Bank",5,0.0110619469026549,0.0203431805114915,0.607561865219546,0.000896860986547085,1,NA,NA
"158","Honan Provincial College",9,0.0199115044247788,0.0440481533728169,1.30967925020161,0.00103412616339193,1,"Education",NA
"159","Hongkong University Medical School",18,0.0398230088495575,0.0349016023353014,0.877599864178717,0.000959692898272553,1,"Education",NA
"160","Hsiao Shih College",19,0.0420353982300885,0.0678233507514374,3.77886866114436,0.00101626016260163,1,"Education",NA
"161","Hua Feng Cotton Mill Co",27,0.0597345132743363,0.121845944543603,9.51742345385855,0.00111856823266219,1,NA,NA
"162","Hunan Provincial Government",6,0.0132743362831858,0.0137292274667961,0,0.000858369098712446,1,"Goverment",NA
"163","Hunan Provincial High School",27,0.0597345132743363,0.121845944543603,9.51742345385855,0.00111856823266219,1,"Education",NA
"164","Hush Medical College",18,0.0398230088495575,0.0349016023353014,0.877599864178717,0.000959692898272553,1,"Education",NA
"165","Ih-Cu Middle School",20,0.0442477876106195,0.0902775701278531,4.82165666392732,0.00103734439834025,1,"Education",NA
"166","Institute of Pacific Relations",29,0.0641592920353982,0.159741058821168,202.942599967624,0.00112994350282486,3,"Other",NA
"167","Institution for Chinese Blind",17,0.0376106194690266,0.0561101315717906,1.27486442780643,0.0010183299389002,1,"Other",NA
"168","Inter-Provincial Drouth Relief Association",28,0.0619469026548673,0.0974396508362137,3.27220389438928,0.00106951871657754,1,"Association",NA
"169","Intercollegiate Prohibition Association",6,0.0132743362831858,0.0182464067752461,0.154011154011154,0.000892857142857143,1,"Association",NA
"170","Internal Revenue Administration",15,0.0331858407079646,0.055327859905722,5.8447897447036,0.00099601593625498,1,"Association",NA
"171","International Anti-Opium Association",53,0.117256637168142,0.326315309772323,12.2892010320133,0.00115207373271889,1,"Association",NA
"172","International Chamber of Commerce",16,0.0353982300884956,0.0586815194724881,2.18077787921986,0.00105042016806723,1,"Association",NA
"173","International Club",13,0.0287610619469027,0.0335600863512484,4.05793042306088,0.000972762645914397,1,"Association",NA
"174","International Convention of Industry and Commerce",7,0.0154867256637168,0,0,0.142857142857143,1,"Other",NA
"175","International Dispensary Ltd",7,0.0154867256637168,0.0237639721445888,10.1302818513118,0.000917431192660551,1,NA,NA
"176","International Labor Conference (Washington)",11,0.0243362831858407,0.0327248874323026,1.51578940005555,0.000915750915750916,1,"Other",NA
"177","International Missionary Council",23,0.0508849557522124,0.0538469241589135,0.418173405495452,0.000974658869395711,1,NA,NA
"178","International Mixed Court",53,0.117256637168142,0.326315309772323,12.2892010320133,0.00115207373271889,1,NA,NA
"179","Islam Temple of San Francisco",42,0.0929203539823009,0.12445035431986,7.07165407094283,0.00104602510460251,1,"Association",NA
"180","J. F. Jackson Architect",27,0.0597345132743363,0.0437369829151674,0.948121539724155,0.000946969696969697,1,NA,NA
"181","Jefferson Laboratory",8,0.0176991150442478,0.0277048291868034,0.728705096406469,0.000932835820895522,1,"Other",NA
"182","John T. Windrim Architect",18,0.0398230088495575,0.0456023520461063,2.28314861003793,0.00099403578528827,1,NA,NA
"183","Johns Hopkins Hospital",42,0.0929203539823009,0.12445035431986,7.07165407094283,0.00104602510460251,1,"Facility",NA
"184","Johns Hopkins University Medical School",18,0.0398230088495575,0.0349016023353014,0.877599864178717,0.000959692898272553,1,"Education",NA
"185","Joint Reserve Board",7,0.0154867256637168,0.0319010145624867,0.834829963649908,0.00092678405931418,1,NA,NA
"186","Kiangsu Conservancy Bureau",13,0.0287610619469027,0.0282664319523149,0.662376774412378,0.000922509225092251,1,"Administration",NA
"187","Kiangwan Central University",27,0.0597345132743363,0.0437369829151674,0.948121539724155,0.000946969696969697,1,"Education",NA
"188","Kiao-Tai Railway",7,0.0154867256637168,0.024245937848154,0.968746328999655,0.000937207122774133,1,NA,NA
"189","Kincheng Banking Corporation",9,0.0199115044247788,0.0440481533728168,1.30967925020161,0.00103412616339193,1,NA,NA
"190","Kiukiang First Government School",23,0.0508849557522124,0.0538469241589135,0.418173405495452,0.000974658869395711,1,"Education",NA
"191","Knox Hat Company",10,0.0221238938053097,0.021720061757925,9.73565663503678,0.000888888888888889,1,NA,NA
"192","Kuo Min News Agency",11,0.0243362831858407,0.0153910166379945,0,0.000848176420695505,1,NA,NA
"193","Kuo-Pi Railway Co",7,0.0154867256637168,0.024245937848154,0.968746328999655,0.000937207122774133,1,NA,NA
"194","Kuomintang",163,0.360619469026549,0.77685097765567,7379.37225032725,0.0012987012987013,9,"Party",NA
"195","Kwang Hwa University",23,0.0508849557522124,0.0783924803129208,152.421973549587,0.00109289617486339,2,"Education",NA
"196","Kwangtung Academy",16,0.0353982300884956,0.0437450051768067,3.87676981987781,0.000983284169124877,1,"Education",NA
"197","Kwangtung Provincial Government",19,0.0420353982300885,0.0715610383373807,7.18327907262793,0.00100502512562814,1,"Administration",NA
"198","Kwangtung Provincial Party Headquarters",14,0.0309734513274336,0.0420443660365638,2.31793285211786,0.000946969696969697,1,"Other",NA
"199","Kwangtung River Conservancy Board",19,0.0420353982300885,0.0715610383373807,7.18327907262793,0.00100502512562814,1,NA,NA
"200","Kwantung Provincial Government",31,0.0685840707964602,0.0863802061931187,535.288758316886,0.00111234705228031,2,"Goverment","Local"
"201","Lam Glines & Company",18,0.0398230088495575,0.0456023520461064,2.28314861003793,0.00099403578528827,1,NA,NA
"202","Law Codification Committee",30,0.0663716814159292,0.114553325923791,113.731730357886,0.00106269925611052,2,"Administration","Central"
"203","Law Drafting Bureau",16,0.0353982300884956,0.0437450051768067,3.87676981987781,0.000983284169124877,1,"Goverment","Central"
"204","League of Nations",43,0.0951327433628319,0.122709656205383,662.110677095446,0.00113250283125708,3,"Other",NA
"205","Legislative Yuan",64,0.141592920353982,0.236609934199375,827.467168269074,0.00110864745011086,4,"Goverment","Central"
"206","Lehigh University",7,0.0154867256637168,0,0,0.142857142857143,1,"Education",NA
"207","Lingnan School",27,0.0597345132743363,0.0437369829151674,0.948121539724155,0.000946969696969697,1,"Education",NA
"208","Lingnan University",53,0.117256637168142,0.326315309772323,12.2892010320133,0.00115207373271889,1,"Education",NA
"209","Liu Ho Kou Coal Mining Co",27,0.0597345132743363,0.121845944543603,9.51742345385855,0.00111856823266219,1,NA,NA
"210","Liu Ho Kou Mining Co Ltd",27,0.0597345132743363,0.121845944543603,9.51742345385855,0.00111856823266219,1,NA,NA
"211","Ludlow & Peabody Archts",27,0.0597345132743363,0.0437369829151675,0.948121539724155,0.000946969696969697,1,NA,NA
"212","Lung Hua Clinic",42,0.0929203539823009,0.12445035431986,7.07165407094283,0.00104602510460251,1,NA,NA
"213","Lung-Hai Railway",27,0.0597345132743363,0.121845944543603,9.51742345385855,0.00111856823266219,1,NA,NA
"214","Manufacturers Federation of China",7,0.0154867256637168,0,0,0.142857142857143,1,"Association",NA
"215","Margaret Williamson Hospital",42,0.0929203539823009,0.124450354319861,7.07165407094283,0.00104602510460251,1,NA,NA
"216","Mary Farnham Girls School",27,0.0597345132743363,0.0437369829151675,0.948121539724155,0.000946969696969697,1,"Education",NA
"217","Massachusetts General Hospital",42,0.0929203539823009,0.12445035431986,7.07165407094283,0.00104602510460251,1,NA,NA
"218","Massachusetts Institute of Technology",27,0.0597345132743363,0.0437369829151674,0.948121539724155,0.000946969696969697,1,NA,NA
"219","Massachusetts Medical Society",42,0.0929203539823009,0.12445035431986,7.07165407094283,0.00104602510460251,1,"Association",NA
"220","Mayar Silk Mills",7,0.0154867256637168,0,0,0.142857142857143,1,NA,NA
"221","Mayar Silk Works",7,0.0154867256637168,0,0,0.142857142857143,1,NA,NA
"222","McClintic Marshall Construction Co",13,0.0287610619469027,0.0282664319523149,0.662376774412378,0.000922509225092251,1,NA,NA
"223","McTyeire School",53,0.117256637168142,0.326315309772323,12.2892010320133,0.00115207373271889,1,"Education",NA
"224","Medical Practitioners Association of Shanghai",17,0.0376106194690266,0.0918964531477254,9.47419907972522,0.000952380952380952,1,"Association",NA
"225","Mei & Liu",53,0.117256637168142,0.326315309772323,12.2892010320133,0.00115207373271889,1,NA,NA
"226","Mei Liu & Mok",53,0.117256637168142,0.326315309772323,12.2892010320133,0.00115207373271889,1,NA,NA
"227","Methodist East Asia Central Conference",23,0.0508849557522124,0.0538469241589135,0.418173405495452,0.000974658869395711,1,"Other",NA
"228","Methodist General Conference",23,0.0508849557522124,0.0538469241589135,0.418173405495452,0.000974658869395711,1,"Other",NA
"229","Metropolitan Life Insurance Company",6,0.0132743362831858,0.0203668550387009,9.73565663503678,0.000885739592559787,1,NA,NA
"230","Michigan Daily",30,0.0663716814159292,0.105309081180505,2.31688994354758,0.00105596620908131,1,NA,NA
"231","Military Affairs Commission",14,0.0309734513274336,0.0420443660365638,2.31793285211786,0.000946969696969697,1,"Administration",NA
"232","Military Aviation",19,0.0420353982300885,0.0715610383373806,7.18327907262793,0.00100502512562814,1,"Administration",NA
"233","Ministry of Agriculture and Commerce",30,0.0663716814159292,0.105309081180505,2.31688994354758,0.00105596620908131,1,"Goverment","Central"
"234","Ministry of Communications",62,0.13716814159292,0.220160507907114,1303.43111335677,0.00115740740740741,6,"Goverment","Central"
"235","Ministry of Education",12,0.0265486725663717,0.0283354496273668,2.31098438347255,0.000914076782449726,1,"Goverment","Central"
"236","Ministry of Finance",76,0.168141592920354,0.308953530848495,1199.14892012482,0.00119617224880383,5,"Goverment","Central"
"237","Ministry of Foreign Affairs",87,0.192477876106195,0.340465804828572,1924.58511573207,0.00122699386503067,6,"Goverment","Central"
"238","Ministry of Health",35,0.0774336283185841,0.0793406567975349,309.736473242803,0.00106951871657754,2,"Goverment","Central"
"239","Ministry of Industry",77,0.170353982300885,0.291483552367136,1172.38700003089,0.00120772946859903,4,"Goverment","Central"
"240","Ministry of Industry and Commerce",37,0.081858407079646,0.167795282872514,150.051655022547,0.00115874855156431,2,"Goverment","Central"
"241","Ministry of Industry Labor and Commerce",28,0.0619469026548673,0.0974396508362137,3.27220389438928,0.00106951871657754,1,"Goverment","Central"
"242","Ministry of Industry, Commerce and Labor",47,0.103982300884956,0.147246180275984,830.38709798421,0.00116686114352392,4,"Goverment","Central"
"243","Ministry of Interior",16,0.0353982300884956,0.058681519472488,2.18077787921986,0.00105042016806723,1,"Goverment","Central"
"244","Ministry of Justice",70,0.154867256637168,0.388443281271632,432.282429700935,0.00117785630153121,2,"Goverment","Central"
"245","Ministry of Mining and Agriculture",28,0.0619469026548673,0.0974396508362137,3.27220389438928,0.00106951871657754,1,"Goverment","Central"
"246","Ministry of Railways",83,0.183628318584071,0.26949864146817,2200.91704588078,0.00117785630153121,7,"Goverment","Central"
"247","Mokanshan Summer Resort Association",53,0.117256637168142,0.326315309772323,12.2892010320133,0.00115207373271889,1,"Association",NA
"248","Morsran Park Academy",12,0.0265486725663717,0.023900476342885,0.34262751767289,0.000931966449207828,1,"Education",NA
"249","Municipal Public School for Chinese Shanghai",30,0.0663716814159292,0.105309081180505,2.31688994354758,0.00105596620908131,1,"Education",NA
"250","Municipality of Greater Shanghai",59,0.130530973451327,0.211034792724737,1308.64456782909,0.00114285714285714,6,"Goverment","Local"
"251","Murphy Mcgill & Hamlin Archts",27,0.0597345132743363,0.0437369829151675,0.948121539724155,0.000946969696969697,1,NA,NA
"252","Mystic Shrine",63,0.139380530973451,0.412168522720354,158.405557244157,0.00113122171945701,2,"Association",NA
"253","Nanfangpao",20,0.0442477876106195,0.0902775701278531,4.82165666392732,0.00103734439834025,1,NA,NA
"254","Nanking City Planning Bureau",18,0.0398230088495575,0.0456023520461063,2.28314861003793,0.00099403578528827,1,"Goverment",NA
"255","Nanking Conservancy Engineering College",13,0.0287610619469027,0.0282664319523149,0.662376774412378,0.000922509225092251,1,"Education",NA
"256","Nanking National Committee Building",27,0.0597345132743363,0.0437369829151674,0.948121539724155,0.000946969696969697,1,NA,NA
"257","Nanking Theatre",18,0.0398230088495575,0.0456023520461063,2.28314861003793,0.00099403578528827,1,NA,NA
"258","Nanking-Shanghai Railway",16,0.0353982300884956,0.0437450051768067,3.87676981987781,0.000983284169124877,1,NA,NA
"259","Nantao Christian Institute",27,0.0597345132743363,0.0437369829151674,0.948121539724155,0.000946969696969697,1,"Other",NA
"260","Nanyang Bros. Tobacco Co.",10,0.0221238938053097,0.021720061757925,9.73565663503678,0.000888888888888889,1,NA,NA
"261","Nanyang College",24,0.0530973451327434,0.0585928985146264,319.863041044472,0.00102145045965271,3,"Education",NA
"262","Nanyang Commercial Academy",17,0.0376106194690266,0.0561101315717906,1.27486442780643,0.0010183299389002,1,"Education",NA
"263","National Anti-Opium Association",23,0.0508849557522124,0.0538469241589135,0.418173405495452,0.000974658869395711,1,"Association",NA
"264","National Aviation Corporation",19,0.0420353982300885,0.0715610383373807,7.18327907262793,0.00100502512562814,1,NA,NA
"265","National Board of Health",18,0.0398230088495575,0.0349016023353014,0.877599864178717,0.000959692898272553,1,"Administration",NA
"266","National Capital Planning Commission",28,0.0619469026548673,0.0974396508362137,3.27220389438928,0.00106951871657754,1,"Administration",NA
"267","National Central University",42,0.0929203539823009,0.124450354319861,7.07165407094283,0.00104602510460251,1,"Education",NA
"268","National Child Welfare Association of China",108,0.238938053097345,0.31786537588362,3954.66883865838,0.00126582278481013,4,"Association",NA
"269","National Christian Council of China",45,0.0995575221238938,0.142732636955049,768.966039102117,0.00113765642775882,3,"Other",NA
"270","National Commercial Bank",23,0.0508849557522124,0.0860841050373122,121.320267781042,0.00109649122807018,2,"Business","Bank"
"271","National Commission for Opium Suppression",23,0.0508849557522124,0.0538469241589135,0.418173405495452,0.000974658869395711,1,"Administration",NA
"272","National Commission on Aeronautical Affairs",28,0.0619469026548673,0.0974396508362137,3.27220389438928,0.00106951871657754,1,"Administration",NA
"273","National Defence Commission",28,0.0619469026548673,0.0974396508362137,3.27220389438928,0.00106951871657754,1,"Administration",NA
"274","National Economic Council",70,0.154867256637168,0.304935390222974,1085.60277827856,0.00117647058823529,5,"Goverment","Central"
"275","National Epidemic Prevention Bureau",18,0.0398230088495575,0.0349016023353014,0.877599864178717,0.000959692898272553,1,"Administration",NA
"276","National Famine Relief Commission",28,0.0619469026548673,0.0974396508362137,3.27220389438928,0.00106951871657754,1,"Administration",NA
"277","National Flood Relief Association",12,0.0265486725663717,0.0826776446617787,9.5936828423601,0.00110497237569061,1,"Association",NA
"278","National Good Roads Association of China",18,0.0398230088495575,0.0456023520461063,2.28314861003793,0.00099403578528827,1,"Association",NA
"279","National Government (Peking)",89,0.196902654867257,0.492403473825139,674.867835435453,0.00113636363636364,3,"Goverment","Central"
"280","National Labor Health Commission",18,0.0398230088495575,0.0349016023353014,0.877599864178717,0.000959692898272553,1,"Administration",NA
"281","National Loans Sinking Fund Commission",38,0.084070796460177,0.148011244215924,298.048968498972,0.00116144018583043,2,"Administration","Central"
"282","National Medical Association of China",62,0.13716814159292,0.182176924536784,539.456263522163,0.00108225108225108,3,"Association",NA
"283","National Medical Journal",7,0.0154867256637168,0.0281671463990458,5.6283293163335,0.000911577028258888,1,"Media",NA
"284","National Opium Convention",23,0.0508849557522124,0.0538469241589135,0.418173405495452,0.000974658869395711,1,"Administration",NA
"285","National Provisional Government",27,0.0597345132743363,0.121845944543603,9.51742345385855,0.00111856823266219,1,"Goverment",NA
"286","National Reconstruction Commission",30,0.0663716814159292,0.100888942848683,20.5737104485833,0.00107181136120043,2,"Administration","Central"
"287","National Rehabilitation Conference",23,0.0508849557522124,0.0538469241589135,0.418173405495452,0.000974658869395711,1,"Other",NA
"288","National River Conservancy Commission",28,0.0619469026548673,0.0974396508362137,3.27220389438928,0.00106951871657754,1,"Administration",NA
"289","National Southeastern University",41,0.0907079646017699,0.142557104477978,546.163429175708,0.0011037527593819,4,"Education",NA
"290","National Tariff Revision Commission",42,0.0929203539823009,0.15831570647257,233.182391521933,0.00109529025191676,2,"Administration","Central"
"291","National Teachers' College",13,0.0287610619469027,0.0428745501299748,1.6154855642018,0.000945179584120983,1,"Education",NA
"292","National Vocational Educational Association",11,0.0243362831858407,0.0512064260475629,1.99506648285089,0.000987166831194472,1,"Association",NA
"293","Nationalist Government (Nanking)",155,0.342920353982301,0.69947919437432,4338.98290056047,0.00127877237851662,12,"Goverment","Central"
"294","New Capital Theatre",27,0.0597345132743363,0.0437369829151674,0.948121539724155,0.000946969696969697,1,NA,NA
"295","New York City College",53,0.117256637168142,0.326315309772323,12.2892010320133,0.00115207373271889,1,"Education",NA
"296","New York Courts",53,0.117256637168142,0.326315309772323,12.2892010320133,0.00115207373271889,1,NA,NA
"297","New York Herald",30,0.0663716814159292,0.105309081180505,2.31688994354758,0.00105596620908131,1,"Media",NA
"298","New York Newspaper Club",11,0.0243362831858407,0.0153910166379945,0,0.000848176420695505,1,"Association",NA
"299","New York Public and High Schools",53,0.117256637168142,0.326315309772323,12.2892010320133,0.00115207373271889,1,"Education",NA
"300","New York State University",27,0.0597345132743363,0.0437369829151674,0.948121539724155,0.000946969696969697,1,"Education",NA
"301","New York Supreme Court",53,0.117256637168142,0.326315309772323,12.2892010320133,0.00115207373271889,1,"Media",NA
"302","New York Tribune",53,0.117256637168142,0.326315309772323,12.2892010320133,0.00115207373271889,1,NA,NA
"303","New York University",77,0.170353982300885,0.453261042700019,642.588904729474,0.00121065375302663,4,"Education",NA
"304","Ningpo National Committee Building",27,0.0597345132743363,0.0437369829151674,0.948121539724155,0.000946969696969697,1,"Administration",NA
"305","Northern Government",27,0.0597345132743363,0.121845944543603,9.51742345385855,0.00111856823266219,1,"Goverment",NA
"306","Northwestern University",23,0.0508849557522124,0.0848260330196741,77.7635999621898,0.0010183299389002,2,"Education",NA
"307","Oberlin College",41,0.0907079646017699,0.164596954047019,180.690477198527,0.00111982082866741,2,"Education",NA
"308","Oberlin-Shansi Memorial College",28,0.0619469026548673,0.0974396508362137,3.27220389438928,0.00106951871657754,1,"Education",NA
"309","OBK Society",7,0.0154867256637168,0,0,0.142857142857143,1,"Association",NA
"310","Officers' Moral Endeavour Association",28,0.0619469026548673,0.0780185259767942,150.676214952592,0.00108225108225108,2,"Association",NA
"311","Orthopedic Hospital of Shanghai",58,0.128318584070796,0.244595454732642,222.275758424616,0.00103734439834025,3,"Facility","Hospital"
"312","Oversea Chinese Hostel",18,0.0398230088495575,0.0456023520461063,2.28314861003793,0.00099403578528827,1,NA,NA
"313","Overseas Affairs Commission",28,0.0619469026548673,0.0974396508362137,3.27220389438928,0.00106951871657754,1,"Administration",NA
"314","Overseas Banking Corporation",5,0.0110619469026549,0.0203431805114915,0.607561865219546,0.000896860986547085,1,NA,NA
"315","Overseas Trust Company",11,0.0243362831858407,0.0153910166379945,0,0.000848176420695505,1,NA,NA
"316","P. I. Scottish Rite",17,0.0376106194690266,0.0918964531477254,9.47419907972522,0.000952380952380952,1,"Association",NA
"317","Pacific School of Religion",12,0.0265486725663717,0.0691707458354911,3.42931428400801,0.00104712041884817,1,"Education",NA
"318","Pan-Pacific Association of China",77,0.170353982300885,0.306569781672777,827.68123159791,0.00117370892018779,4,"Association",NA
"319","Paradise Theatre",18,0.0398230088495575,0.0456023520461063,2.28314861003793,0.00099403578528827,1,NA,NA
"320","Paris Peace Conference",53,0.117256637168142,0.326315309772323,12.2892010320133,0.00115207373271889,1,"Other",NA
"321","Parliament (Peking)",27,0.0597345132743363,0.121845944543603,9.51742345385855,0.00111856823266219,1,"Goverment",NA
"322","Peiyang University",73,0.161504424778761,0.296383887353101,1503.46431807958,0.00119760479041916,5,"Education",NA
"323","Peking Daily News",16,0.0353982300884956,0.058681519472488,2.18077787921986,0.00105042016806723,1,NA,NA
"324","Peking Government University",35,0.0774336283185841,0.147391434508162,401.691230388744,0.00111856823266219,4,"Education",NA
"325","Peking Medical Society",42,0.0929203539823009,0.124450354319861,7.07165407094283,0.00104602510460251,1,"Association",NA
"326","Peking Public Health Station",18,0.0398230088495575,0.0349016023353014,0.877599864178717,0.000959692898272553,1,NA,NA
"327","Peking Union Medical College",72,0.15929203539823,0.252823170357138,1022.41035130363,0.00114025085518814,4,"Education",NA
"328","Phi Beta Kappa",87,0.192477876106195,0.494846080065944,639.126336576925,0.00112359550561798,3,"Association",NA
"329","Phi Beta Kappa Association of East China",53,0.117256637168142,0.326315309772323,12.2892010320133,0.00115207373271889,1,"Association",NA
"330","Phi Psi Fraternity",10,0.0221238938053097,0.021720061757925,9.73565663503678,0.000888888888888889,1,"Association",NA
"331","Phi Tau Phi",48,0.106194690265487,0.140634765523784,236.673725114152,0.00106609808102345,2,"Association",NA
"332","Philadelphia Textile Academy",10,0.0221238938053097,0.021720061757925,9.73565663503678,0.000888888888888889,1,"Education",NA
"333","Pittsburg Glass Works",14,0.0309734513274336,0.0420443660365637,2.31793285211786,0.000946969696969697,1,NA,NA
"334","Pittsburg University",14,0.0309734513274336,0.0420443660365638,2.31793285211786,0.000946969696969697,1,"Education",NA
"335","Pittsburg Valley Mining Co",14,0.0309734513274336,0.0420443660365637,2.31793285211786,0.000946969696969697,1,NA,NA
"336","Planning Commission on Domestic and International Exhibitions",30,0.0663716814159292,0.105309081180505,2.31688994354758,0.00105596620908131,1,"Administration",NA
"337","Pomona College",17,0.0376106194690266,0.0561101315717906,1.27486442780643,0.0010183299389002,1,"Education",NA
"338","Pratt Institute",27,0.0597345132743363,0.0437369829151674,0.948121539724155,0.000946969696969697,1,"Education",NA
"339","Princeton University",19,0.0420353982300885,0.0745775793672203,161.278975180985,0.00104058272632674,2,"Education",NA
"340","Provident Mutual Life Insurance Company",6,0.0132743362831858,0.0203668550387009,9.73565663503678,0.000885739592559787,1,NA,NA
"341","Public Shanghai Hospital",8,0.0176991150442478,0.0354211944307007,3.60017180687479,0.000943396226415094,1,NA,NA
"342","Purdue University",7,0.0154867256637168,0.024245937848154,0.968746328999655,0.000937207122774133,1,"Education",NA
"343","Queen's College",16,0.0353982300884956,0.0437450051768067,3.87676981987781,0.000983284169124877,1,"Education",NA
"344","Reconstruction Review",19,0.0420353982300885,0.0715610383373806,7.18327907262793,0.00100502512562814,1,"Media",NA
"345","Red Cross General Hospital",21,0.0464601769911504,0.118328657501538,27.8870469735951,0.000907441016333938,2,"Facility","Hospital"
"346","Revolutionary Government (Canton)",59,0.130530973451327,0.304725290781079,473.191210925141,0.00112107623318386,4,"Goverment","Central"
"347","Rockefeller Foundation",57,0.126106194690265,0.157049290313033,394.475719803332,0.00113122171945701,2,"Other",NA
"348","Rolled Tobacco Tax Administration",15,0.0331858407079646,0.055327859905722,5.8447897447036,0.00099601593625498,1,"Administration",NA
"349","Royal Society of Literature",20,0.0442477876106195,0.0902775701278531,4.82165666392732,0.00103734439834025,1,"Association",NA
"350","Russo-Asiatic Bank",19,0.0420353982300885,0.0791500743837474,57.5451802983049,0.00105263157894737,2,"Business","Bank"
"351","Salt Administration",22,0.0486725663716814,0.079962042132551,91.2306758945799,0.000992063492063492,2,"Administration","Central"
"352","Salvation Army",17,0.0376106194690266,0.0561101315717906,1.27486442780643,0.0010183299389002,1,"Other",NA
"353","San Francisco Chronicle",30,0.0663716814159292,0.105309081180505,2.31688994354758,0.00105596620908131,1,"Media",NA
"354","San Francisco Public and Chinese Schools",53,0.117256637168142,0.326315309772323,12.2892010320133,0.00115207373271889,1,"Education",NA
"355","Senate",43,0.0951327433628319,0.19061221487712,206.916775560552,0.00114155251141553,2,"Goverment","Central"
"356","Shanghai Banker's Club",30,0.0663716814159292,0.123048562740937,207.414709322183,0.00106157112526539,3,"Association",NA
"357","Shanghai Baptist College",19,0.0420353982300885,0.0678233507514374,3.77886866114436,0.00101626016260163,1,"Education",NA
"358","Shanghai Bar Association",64,0.141592920353982,0.390165315806319,249.59247319785,0.00120481927710843,2,"Association",NA
"359","Shanghai Boy Scout Association",12,0.0265486725663717,0.0691707458354911,3.42931428400801,0.00104712041884817,1,"Association",NA
"360","Shanghai Cantonese free schools",16,0.0353982300884956,0.0437450051768067,3.87676981987781,0.000983284169124877,1,"Education",NA
"361","Shanghai College",27,0.0597345132743363,0.0886238681384282,424.312206744286,0.00112107623318386,3,"Education",NA
"362","Shanghai Commercial and Savings Bank",19,0.0420353982300885,0.0656755828444383,245.941436774063,0.00103950103950104,2,"Business","Bank"
"363","Shanghai Foreign Shanghai Navy",27,0.0597345132743363,0.0437369829151674,0.948121539724155,0.000946969696969697,1,"Other",NA
"364","Shanghai High School",14,0.0309734513274336,0.0695706338622568,4.96303891167516,0.00100200400801603,1,"Education",NA
"365","Shanghai Law College",12,0.0265486725663717,0.0283354496273668,2.31098438347255,0.000914076782449726,1,"Education",NA
"366","Shanghai Medical Board",42,0.0929203539823009,0.12445035431986,7.07165407094283,0.00104602510460251,1,NA,NA
"367","Shanghai Medical Centre",28,0.0619469026548673,0.0974396508362137,3.27220389438928,0.00106951871657754,1,NA,NA
"368","Shanghai Medical Society",54,0.119469026548673,0.213220554597903,131.28631449747,0.00103734439834025,2,"Association",NA
"369","Shanghai Municipal Council",112,0.247787610619469,0.349184200276431,3578.79032186597,0.00127388535031847,4,"Goverment","Local"
"370","Shanghai National Committee Building",27,0.0597345132743363,0.0437369829151675,0.948121539724155,0.000946969696969697,1,NA,NA
"371","Shanghai Provisional Court",19,0.0420353982300885,0.0678233507514374,3.77886866114436,0.00101626016260163,1,"Other","Judiciary"
"372","Shanghai Public Health Club",18,0.0398230088495575,0.0349016023353014,0.877599864178717,0.000959692898272553,1,"Association",NA
"373","Shanghai Quarantine Station",27,0.0597345132743363,0.0437369829151674,0.948121539724155,0.000946969696969697,1,NA,NA
"374","Shanghai Rotary Club",106,0.234513274336283,0.555209431307095,1457.98641318251,0.001194743130227,4,"Association",NA
"375","Shanghai Silk Mills Association",7,0.0154867256637168,0,0,0.142857142857143,1,"Association",NA
"376","Shanghai Students Association for North China Famine Relief",15,0.0331858407079646,0.055327859905722,5.8447897447036,0.00099601593625498,1,"Association",NA
"377","Shanghai Tribune",30,0.0663716814159292,0.105309081180505,2.31688994354758,0.00105596620908131,1,"Media",NA
"378","Shanghai Tribune Publishing Company",30,0.0663716814159292,0.105309081180505,2.31688994354758,0.00105596620908131,1,NA,NA
"379","Shanghai Trust Co",7,0.0154867256637168,0.0237639721445888,10.1302818513118,0.000917431192660551,1,NA,NA
"380","Shanghai-Hangchow-Ningpo Railway",22,0.0486725663716814,0.0838079009179026,79.3141356028944,0.00110253583241455,2,"Facility","Railway"
"381","Shanghai-Nanking Railway",22,0.0486725663716814,0.0838079009179026,79.3141356028944,0.00110253583241455,2,"Facility","Railway"
"382","Shantung Christian University",17,0.0376106194690266,0.0561101315717906,1.27486442780643,0.0010183299389002,1,"Education",NA
"383","Shantung Rehabilitation Commission",52,0.115044247787611,0.216116876461055,233.33801713838,0.00115874855156431,2,"Administration",NA
"384","Sigma Xi",12,0.0265486725663717,0.023900476342885,0.34262751767289,0.000931966449207828,1,"Association",NA
"385","Sinim Lodge",93,0.205752212389381,0.444252013775741,986.773947694069,0.00119189511323004,2,"Association",NA
"386","Society for Constructive Endeavor",53,0.117256637168142,0.326315309772323,12.2892010320133,0.00115207373271889,1,NA,NA
"387","Society of Chinese Architects",57,0.126106194690265,0.142967291788316,913.782428934282,0.00103842159916926,4,"Association",NA
"388","Soochow Hospital",42,0.0929203539823009,0.12445035431986,7.07165407094283,0.00104602510460251,1,NA,NA
"389","Soochow University",86,0.190265486725664,0.43486363637807,1215.76870482239,0.00122100122100122,4,"Education",NA
"390","Sorbonne University",19,0.0420353982300885,0.0678233507514374,3.77886866114436,0.00101626016260163,1,"Education",NA
"391","Southern Peace Delegation",53,0.117256637168142,0.326315309772323,12.2892010320133,0.00115207373271889,1,NA,NA
"392","Southern University",11,0.0243362831858407,0.0327248874323026,1.51578940005555,0.000915750915750916,1,"Education",NA
"393","Special Tariff Revision Commission",27,0.0597345132743363,0.121845944543603,9.51742345385855,0.00111856823266219,1,NA,NA
"394","St. John Middle School",42,0.0929203539823009,0.12445035431986,7.07165407094283,0.00104602510460251,1,"Education",NA
"395","St. John's Alumni Association",42,0.0929203539823009,0.12445035431986,7.07165407094283,0.00104602510460251,1,"Association",NA
"396","St. John's Echo",15,0.0331858407079646,0.055327859905722,5.8447897447036,0.00099601593625498,1,NA,NA
"397","St. John's University",219,0.484513274336283,1,13429.1120793565,0.00139275766016713,16,"Education",NA
"398","St. Luke's Hospital",57,0.126106194690265,0.237548065216988,181.011433034625,0.00100806451612903,3,"Facility","Hospital"
"399","State Council",28,0.0619469026548673,0.0974396508362137,3.27220389438928,0.00106951871657754,1,NA,NA
"400","State Council of Defense (Illinois)",11,0.0243362831858407,0.0153910166379945,0,0.000848176420695505,1,NA,NA
"401","Sun Yat-sen Institute for the Advancement of Culture and Education",19,0.0420353982300885,0.0678233507514374,3.77886866114436,0.00101626016260163,1,NA,NA
"402","Syracuse University",23,0.0508849557522124,0.0538469241589135,0.418173405495452,0.000974658869395711,1,"Education",NA
"403","Szechuan-Hankow Railway",7,0.0154867256637168,0.0242459378481539,0.968746328999655,0.000937207122774133,1,NA,NA
"404","Ta-tung University",12,0.0265486725663717,0.0283354496273668,2.31098438347255,0.000914076782449726,1,"Education",NA
"405","Tangshan Engineering College",13,0.0287610619469027,0.0282664319523149,0.662376774412378,0.000922509225092251,1,"Education",NA
"406","Tangshan University",13,0.0287610619469027,0.0282664319523149,0.662376774412378,0.000922509225092251,1,"Education",NA
"407","Tau Sigma Delta",13,0.0287610619469027,0.0335600863512484,4.05793042306088,0.000972762645914397,1,"Association",NA
"408","Teh Hua School",23,0.0508849557522124,0.0538469241589135,0.418173405495452,0.000974658869395711,1,"Education",NA
"409","Tenson Paint Manofacturing Co",14,0.0309734513274336,0.0420443660365637,2.31793285211786,0.000946969696969697,1,NA,NA
"410","Tien Hsia Monthly",19,0.0420353982300885,0.0678233507514374,3.77886866114436,0.00101626016260163,1,NA,NA
"411","Tientsin Anglo-Chinese College",27,0.0597345132743363,0.121845944543603,9.51742345385855,0.00111856823266219,1,"Education",NA
"412","Tse Yar Machine Works Ltd",7,0.0154867256637168,0,0,0.142857142857143,1,NA,NA
"413","Tsing Hua Alumni Association",13,0.0287610619469027,0.0335600863512484,4.05793042306088,0.000972762645914397,1,"Association",NA
"414","Tsing Hua College",133,0.294247787610619,0.536261599848898,4809.07122648723,0.00128205128205128,12,"Education",NA
"415","Tung Ka Doo Clinic",42,0.0929203539823009,0.124450354319861,7.07165407094283,0.00104602510460251,1,NA,NA
"416","United States Circuit of Appeals",53,0.117256637168142,0.326315309772323,12.2892010320133,0.00115207373271889,1,NA,NA
"417","United States Court for China",53,0.117256637168142,0.326315309772323,12.2892010320133,0.00115207373271889,1,NA,NA
"418","United States Department of Labor",11,0.0243362831858407,0.0153910166379945,0,0.000848176420695505,1,NA,NA
"419","United States District Court",53,0.117256637168142,0.326315309772323,12.2892010320133,0.00115207373271889,1,NA,NA
"420","United States Government",12,0.0265486725663717,0.0826776446617788,9.5936828423601,0.00110497237569061,1,NA,NA
"421","University of Berlin",31,0.0685840707964602,0.135408615179759,97.9404449639489,0.00104275286757039,2,"Education",NA
"422","University of California",35,0.0774336283185841,0.125826297012842,190.154690423023,0.00108695652173913,2,"Education",NA
"423","University of Chicago",63,0.139380530973451,0.190963404316636,1249.55335282309,0.00115874855156431,5,"Education",NA
"424","University of Grenoble",14,0.0309734513274336,0.0695706338622568,4.96303891167516,0.00100200400801603,1,"Education",NA
"425","University of Michigan",96,0.212389380530973,0.34673623547155,2242.07526829157,0.00125,5,"Education",NA
"426","University of Minnesota",6,0.0132743362831858,0.0263564561198954,2.77153006690858,0.000949667616334283,1,"Education",NA
"427","University of Nanking",13,0.0287610619469027,0.0428745501299748,1.6154855642018,0.000945179584120983,1,"Education",NA
"428","University of Pennsylvania",65,0.143805309734513,0.243643069015726,2110.77346083221,0.00112233445566779,7,"Education",NA
"429","University of Rochester",14,0.0309734513274336,0.0611957529987978,2.43490122565246,0.000975609756097561,1,"Education",NA
"430","University of Shanghai",28,0.0619469026548673,0.140192180872881,125.962783743061,0.00105708245243129,3,"Education",NA
"431","University of Wisconsin",22,0.0486725663716814,0.0601780034759618,92.3478566159277,0.000980392156862745,2,"Education",NA
"432","War Economic Council",19,0.0420353982300885,0.0715610383373807,7.18327907262793,0.00100502512562814,1,NA,NA
"433","Washington Conference",25,0.0553097345132743,0.0900855667905389,115.039991319553,0.00106609808102345,2,"Other",NA
"434","Wen Hua School",23,0.0508849557522124,0.0538469241589135,0.418173405495452,0.000974658869395711,1,"Education",NA
"435","Western Returned Student's Union",20,0.0442477876106195,0.0902775701278532,4.82165666392732,0.00103734439834025,1,NA,NA
"436","Whangpoo River Conservancy",42,0.0929203539823009,0.12445035431986,7.07165407094283,0.00104602510460251,1,NA,NA
"437","Wharton School of Commerce and Finance",19,0.0420353982300885,0.0639748816516891,78.5789863481861,0.00078125,3,"Education",NA
"438","Wherry and Mygatt",53,0.117256637168142,0.326315309772323,12.2892010320133,0.00115207373271889,1,NA,NA
"439","William Nast College",23,0.0508849557522124,0.0538469241589135,0.418173405495452,0.000974658869395711,1,"Education",NA
"440","Women's Christian Union Medical College",42,0.0929203539823009,0.12445035431986,7.07165407094283,0.00104602510460251,1,"Education",NA
"441","Worlds Chinese Students' Federation",12,0.0265486725663717,0.0691707458354911,3.42931428400801,0.00104712041884817,1,"Association",NA
"442","Wuhan University",27,0.0597345132743363,0.0437369829151674,0.948121539724155,0.000946969696969697,1,"Education",NA
"443","Y.M.C.A.",168,0.371681415929204,0.708753603145836,8317.50232574949,0.00133511348464619,13,"Association",NA
"444","Y's Men's Club",29,0.0641592920353982,0.123643668436904,248.47690830385,0.001085776330076,2,"Association",NA
"445","Yale Cosmopolitan Club",20,0.0442477876106195,0.0902775701278531,4.82165666392732,0.00103734439834025,1,"Association",NA
"446","Yale Debating Association",20,0.0442477876106195,0.0902775701278531,4.82165666392732,0.00103734439834025,1,"Association",NA
"447","Yale University",116,0.256637168141593,0.543109967466307,2606.29355238237,0.00118203309692671,10,"Education",NA
"448","Yangtsze River Commission",42,0.0929203539823009,0.12445035431986,7.07165407094283,0.00104602510460251,1,NA,NA
"449","Yangtszepoo Social Center",53,0.117256637168142,0.326315309772323,12.2892010320133,0.00115207373271889,1,NA,NA
"450","Yellow River Flood Relief Commission",28,0.0619469026548673,0.0974396508362137,3.27220389438928,0.00106951871657754,1,NA,NA
"451","Yenching University",79,0.174778761061947,0.210851822343911,3039.36712414839,0.00119331742243437,4,"Education",NA
"452","Young People's Friend",23,0.0508849557522124,0.0538469241589135,0.418173405495452,0.000974658869395711,1,"Media",NA
"453","Yu Shang Pao",30,0.0663716814159292,0.105309081180505,2.31688994354758,0.00105596620908131,1,"Media",NA
